Brokerage,MRR Reporting Period,Digital Profile Credit Revenue Per User,Placement Credit Revenue Per User,Total MRR Per User,Monthly Active User Count,Consumption MRR,Subscription MRR,MRR,ARR Run Rate,Notional Valuation
FRP,2024-08,257.44370860927154,0.0,257.44370860927154,151,38874.0,22083.333333333336,60957.333333333336,731488.0,24139104.0
FRP,2024-09,583.7586206896551,0.0,583.7586206896551,203,118502.99999999999,22083.333333333336,140586.3333333333,1687035.9999999998,55672187.99999999
FRP,2024-10,1231.218009478673,21.729857819905213,1252.947867298578,211,264372.0,22083.333333333336,286455.3333333333,3437464.0,113436312.0
FRP,2024-11,435.0612244897959,88.22448979591837,523.2857142857143,196,102564.00000000001,22083.333333333336,124647.33333333334,1495768.0,49360344.0
FRP,2024-12,0.0,262.81875,262.81875,160,42051.0,22083.333333333336,64134.333333333336,769612.0,25397196.0
FRP,2025-01,0.0,231.8944099378882,231.8944099378882,161,37335.0,22083.333333333336,59418.333333333336,713020.0,23529660.0
FRP,2025-02,0.0,163.21311475409837,163.21311475409837,61,9956.0,22083.333333333336,32039.333333333336,384472.0,12687576.0
FRP,2025-03,0.0,131.0,131.0,2,262.0,22083.333333333336,22345.333333333336,268144.0,8848752.0
